Project ID,Donation ID,Donor ID,Donation Included Optional Donation,Donation Amount,Donor Cart Sequence,Donation Received Date
a013ac6ededa4e161b3dbd5ce9a1fa6f,0f1259e0a18ff6b6b535106e122c9a56,17fc695a07a0ca6e0822e8f36c031199,No,2219.27,2,2016-06-10 07:17:42
b09b2a5cbadcc32ac1590f538a0f4efb,21df306f8a0b3c3336d8393a7c441fe7,366eb16f508ebad7b7c93acfe059a0ee,Yes,44.02,8,2017-04-06 13:12:06
5cec4eb5edd968311ca35cfb04fc6d82,5ab33edf6e595ed3a8b317fa18d0752b,aefcfad8efc89849b3aa7efe4458a885,Yes,112.07,11,2016-10-31 20:06:03
1064005c3985c3cf3f76be1d1efa2197,ccf3a17156dc8907ba6c34ab6712303a,b74d0fb132e706298fadc1a606cb0fb3,Yes,36.63,8,2015-05-24 13:11:17
5715bd6fa4161293c4c2e2e3444ea7c8,ec5b227cdfde4fbf3ff350bf766ecb15,3eabedcbbaa80dd488bd64072bcfbe01,No,129.84,2,2015-02-21 20:34:53
66245bfa4fcca39ab683d2e6337ea2df,ed2662e917e011b7f810238303c72ba8,759cde66bacfb3d00b1f9163ce9ff57f,Yes,77.99,4,2017-06-04 12:57:03
7d15438552fbe43b99546eb400257ad1,fc3d3348008d4127610461e32a25a888,ec1b8ca1f91e1d4c1ff49b7889463e85,No,119.92,5,2016-03-09 22:46:50
b8db0672f42d47cc00d4af5974273ca3,7c967f79b7e99acaa97065e18e46d534,1a2a73ed562b0f79c37459eef50bea63,Yes,145.62,10,2017-01-23 17:03:47
3da9c2a90ed42f1a3d4cbf374eb93eff,958ca9ba0cd620c20ea2622b504867ba,0e51f30dc6a7ee39c4b032ccd7c524a5,No,84.36,1,2017-09-10 16:05:54
9b49bd26df57c59a8715a10343dac043,1165e21098543881118a9d292f923996,759cde66bacfb3d00b1f9163ce9ff57f,Yes,141.82,10,2015-09-10 18:38:02
885f6e66c2b6d2c5fa5d310011b7e948,a8499b926b5252e314fcdd549e8fc965,366eb16f508ebad7b7c93acfe059a0ee,Yes,140.86,4,2016-11-16 22:20:15
2a45c2ab8cbfedb0f264accc79ac1b1e,abf3e3fc21813d25655238a643ff5011,3139d32c93cd59bf5c941cf0dc98d2c1,Yes,140.06,15,2015-03-16 00:29:39
5715bd6fa4161293c4c2e2e3444ea7c8,19985f15ff002d4d902059e4ff9ab5c2,10f1bc81448aaa9e66b2bc5b50c187fc,Yes,47.13,15,2015-12-24 02:56:15
7394988f847fd9b4e64d1bcb702753a1,702cdd20286218b848f4ef125e9953d2,10f1bc81448aaa9e66b2bc5b50c187fc,No,95.63,13,2016-10-31 16:00:42
9b49bd26df57c59a8715a10343dac043,ee87905e4ca415ea8dfa6a56d12dbc9a,b74d0fb132e706298fadc1a606cb0fb3,No,28.8,2,2017-06-30 03:47:35
81f76d1c2dbc2134c30ff46e8026695f,9ad620ab48212ddb45b89cd927cb6f2a,28f49481a0a04dc427209bdf1c11f735,Yes,1874.99,14,2015-09-28 16:31:16
5715bd6fa4161293c4c2e2e3444ea7c8,0d01280fd89a40c0e87d1c78e7c421c7,bf3c4c06434308bc89fa6a688fb5d27b,Yes,48.74,1,2015-12-08 04:40:16
edcd465e36386821f6e07cc06c52c49f,8d3aed99711c21c9bdc14f1f295d6fbf,a28defe39bf0027312476f57a5e5a5ab,Yes,25.66,15,2016-12-08 04:34:02
b8db0672f42d47cc00d4af5974273ca3,8d7248e2951f58d05e84f058d5a804eb,a28defe39bf0027312476f57a5e5a5ab,Yes,53.16,15,2017-08-13 01:57:22
287d06ca6f4cc69a4b22d3081c8eaee9,aabc25fa3fe12e47ae9bec3635c7936c,ddd1dfb23b982ef8daf61a26146d3f31,No,133.78,7,2017-09-24 19:47:09
f8cda88b436d76e2b83cfe0be037e5ed,dd56cc943c9ad14cee0caeb5ecfedb99,371ecd7b27cd813047229389571aa876,No,13.47,12,2017-08-04 10:50:59
b09b2a5cbadcc32ac1590f538a0f4efb,dd334cc7ab7f089acd5f4822696608aa,759cde66bacfb3d00b1f9163ce9ff57f,Yes,120.23,2,2016-01-27 01:54:30
ce88cb2dd4e80839fc3e058be0f3eab0,eb1fa9f2d10bd1d03317347038f16a81,ddd1dfb23b982ef8daf61a26146d3f31,Yes,121.35,4,2015-08-17 00:42:12
5715bd6fa4161293c4c2e2e3444ea7c8,dd463c09475287aa5408f9ac6601ddd0,f143262fdc5c0eed8da0365bf89897b9,Yes,99.81,7,2016-11-26 17:21:01
f8cda88b436d76e2b83cfe0be037e5ed,42deffccf86c2ca2e08596db1d870966,e27a984d654821d07fcd9eb1a7cad415,No,47.17,2,2016-09-02 13:22:46
14296c07f26b4776913e4de2e0c53cb8,9b3080d56fb78271504d281fc9535b63,6b65a6a48b8148f6b38a088ca65ed389,Yes,90.72,5,2015-02-15 22:27:00
9b49bd26df57c59a8715a10343dac043,89d7fd6cce777f00ecf27e7685197ff4,98ae43346c12ace8ae340454cac5b68c,No,113.19,4,2016-01-08 13:04:42
9b49bd26df57c59a8715a10343dac043,505cc6869f871ce75487fd4febb7a385,6b65a6a48b8148f6b38a088ca65ed389,No,52.05,5,2016-11-13 13:20:25
81f76d1c2dbc2134c30ff46e8026695f,2095eef68dedf9fb4bb00f20b27c4026,aefcfad8efc89849b3aa7efe4458a885,Yes,63.08,12,2017-07-13 05:39:36
1d53434bb88139b9ae270da702f06b90,d56f03508c459ce267f48ad54d0b0d1a,3139d32c93cd59bf5c941cf0dc98d2c1,Yes,70.18,10,2016-09-13 20:20:29
14296c07f26b4776913e4de2e0c53cb8,36b5229aacf5e81e713162697118e364,b02b61c4a3d70628ece66fa2fd5166e6,No,2419.66,12,2015-06-23 21:05:18
f4188f3f8a14be62295b4715c333e861,9e87e04ca2086977a9f2533683f4a9a9,9a1de644815ef6d13b8faa1837f8a88b,No,115.16,11,2015-11-14 07:51:12
3da9c2a90ed42f1a3d4cbf374eb93eff,3eae00320bd4a9900640be0f25b8fd4b,beb799193f22faf823bed01d43cf2fde,No,20.2,7,2017-06-26 20:36:12
7d15438552fbe43b99546eb400257ad1,7e8f8095624c69b6b24445a7b7e58481,759cde66bacfb3d00b1f9163ce9ff57f,Yes,106.27,15,2017-02-07 03:49:27
edcd465e36386821f6e07cc06c52c49f,f53d4330cdda24ba2d06e8cf3805f907,ce177b4e0837b8a3d261a7ab3aa2e4f9,Yes,88.04,15,2017-05-18 03:29:08
d0e6e6607c69dee1bb5e4bcf15ed6269,87f8424daae65fc176f2dbfecd29a36f,24933b83757750a9a491f0b2ea1fca65,Yes,115.74,8,2016-09-19 23:57:32
ce88cb2dd4e80839fc3e058be0f3eab0,8c41561be827a1b9d4a02e536d3ee1dc,6c307511b2b9437a28df6ec4ce4a2bbd,No,76.45,5,2017-02-08 07:53:40
3da9c2a90ed42f1a3d4cbf374eb93eff,8573e793c715b2b9c40c5d9146fde062,bf3c4c06434308bc89fa6a688fb5d27b,Yes,71.58,12,2015-10-20 07:17:21
b8db0672f42d47cc00d4af5974273ca3,14a0bccb8a476a87e49d681d51d87c64,c241330b01a9e71fde8a774bcf36d58b,Yes,107.15,12,2015-08-08 02:26:26
c03987108976e334e2817efdae849217,6a702e2f7746d0ba8ae8905b54b4a482,5be6128e18c267976142ea7d17be3111,No,64.53,13,2016-08-21 22:01:54
3da9c2a90ed42f1a3d4cbf374eb93eff,6160a6b49360715fc3fe0183e172b725,bdd640fb06671ad11c80317fa3b1799d,No,51.81,7,2017-05-23 13:34:47
8dcdcd03969b666205628059568cc69b,9a6ec2f5ccc429038bcf53a1bc10fa52,43b7a3a69a8dca03580d7b71d8f56413,Yes,48.21,8,2015-01-30 12:21:42
f8cda88b436d76e2b83cfe0be037e5ed,b963f37f67814c1fcc530e36addc3e13,451b4cf36123fdf77656af7229d4beef,No,60000.0,10,2016-06-30 00:58:25
5715bd6fa4161293c4c2e2e3444ea7c8,06f028ffa9ba5a27907bfe36978648f8,956269f0e5d7b8756dadd6c795a76d79,Yes,131.36,3,2015-02-21 08:24:20
66245bfa4fcca39ab683d2e6337ea2df,56666f9f53ac2ab974672cd9362f5e5c,29a3b2e95d65a441d58842dea2bc372f,Yes,143.17,7,2015-09-16 02:30:01
eb2263dd87c5421eec24a3c5c754108f,fff9f5850d557b618a175dfebfc00dc8,43b7a3a69a8dca03580d7b71d8f56413,Yes,2062.47,11,2015-02-11 00:15:12
a013ac6ededa4e161b3dbd5ce9a1fa6f,2702878b9f0fda8d05379ff6d6d7b3b8,4737819096da1dac72ff5d2a386ecbe0,Yes,26.01,4,2016-04-21 22:16:49
b09b2a5cbadcc32ac1590f538a0f4efb,9b7492459b1bc8952af43ab75e6fea07,28f49481a0a04dc427209bdf1c11f735,Yes,124.7,5,2015-04-21 18:01:59
7d15438552fbe43b99546eb400257ad1,e87466d7ad66a1bd93676a024fdc6e1b,ab9099a435a240ae5af305535ec42e08,No,37.77,10,2016-12-08 20:15:06
9b49bd26df57c59a8715a10343dac043,d9acd1584d3485c5c5c14eb4b27b3d90,24933b83757750a9a491f0b2ea1fca65,No,121.47,10,2017-03-12 01:22:34
14296c07f26b4776913e4de2e0c53cb8,11a726095eddbbbfa95976636daa2e68,956269f0e5d7b8756dadd6c795a76d79,Yes,128.94,14,2016-05-16 03:27:23
edcd465e36386821f6e07cc06c52c49f,75b17a55d4262982e43e4288a2b5b498,c241330b01a9e71fde8a774bcf36d58b,Yes,112.73,11,2015-10-04 19:51:58
5cec4eb5edd968311ca35cfb04fc6d82,7701f7bb7bc67e1fc64ee6e389c5b31a,98ae43346c12ace8ae340454cac5b68c,Yes,55.12,4,2017-04-30 02:17:56
885f6e66c2b6d2c5fa5d310011b7e948,76f72255c01f36bf3e6dd58b7367c28d,beb799193f22faf823bed01d43cf2fde,Yes,57.1,8,2017-05-21 10:11:31
f4188f3f8a14be62295b4715c333e861,4223623bcc3ebdde5ad5cf06364d7c87,4b0dbb418d5288f1142c3fe860e7a113,No,108.17,5,2016-07-23 00:33:12
3da9c2a90ed42f1a3d4cbf374eb93eff,680bac63b856d0353dc9829015eabb27,9132b63ef16287e4e9c349e03602f8ac,No,106.69,11,2016-12-29 15:28:50
7d15438552fbe43b99546eb400257ad1,38ba8abc4b5305e517d2582e046a0df5,dc713d960c0fd195c17af08a1745d6d8,Yes,102.95,6,2016-04-29 17:33:22
f4188f3f8a14be62295b4715c333e861,8ce6424dbef59fe6ff233d5f6cedd15d,ddd1dfb23b982ef8daf61a26146d3f31,No,47.93,5,2015-08-25 03:46:12
66245bfa4fcca39ab683d2e6337ea2df,892e6161be2d740a1e9b23bc50c7c006,dc713d960c0fd195c17af08a1745d6d8,Yes,40.29,8,2015-10-11 23:37:48
287d06ca6f4cc69a4b22d3081c8eaee9,fb02bebb48729a4d98c7472a864e9a13,1a2a73ed562b0f79c37459eef50bea63,Yes,60.52,5,2015-01-15 22:34:08
d0e6e6607c69dee1bb5e4bcf15ed6269,0df56ac6f96b648a0ba6eab94639447b,e2acf72f9e574f7aa0ee89aed453dd32,Yes,752.56,14,2017-02-09 15:06:55
3da9c2a90ed42f1a3d4cbf374eb93eff,782a65e048ca765192f5df7b0323d342,3eabedcbbaa80dd488bd64072bcfbe01,Yes,145.17,5,2017-08-21 15:07:52
885f6e66c2b6d2c5fa5d310011b7e948,12f70c977de31a516694c34310ba58e3,bf3c4c06434308bc89fa6a688fb5d27b,Yes,31.24,13,2016-07-30 09:05:15
a8e56e0c20de435d2031d750c40db9b4,6a8a616fc3b290d08edddfcd1e52d770,24933b83757750a9a491f0b2ea1fca65,No,41.6,9,2016-01-25 14:58:28
5cec4eb5edd968311ca35cfb04fc6d82,fd72b05096a9954fdc33e1f94c1f55ab,3139d32c93cd59bf5c941cf0dc98d2c1,Yes,18.43,12,2015-04-12 06:40:13
a013ac6ededa4e161b3dbd5ce9a1fa6f,2834e4c014c8b3b4a911d19243bfd931,371ecd7b27cd813047229389571aa876,Yes,31.91,7,2016-04-06 22:38:30
edcd465e36386821f6e07cc06c52c49f,49c13de73b4206c5085b15fb4a8ff810,e2acf72f9e574f7aa0ee89aed453dd32,No,73.56,11,2015-08-28 08:50:50
01d7425638602ab696a402f23ae8cc93,cdccc33aa9434aa096fc734da003cd28,1a2a73ed562b0f79c37459eef50bea63,Yes,86.24,11,2015-06-02 08:52:09
5fb8d16c2720797d32ebd6899be578c7,cae9b4a72a79ea680f44704f1247ea4e,24933b83757750a9a491f0b2ea1fca65,No,89.69,5,2016-03-25 03:29:44
81f631d4a39231a7d777a4774c66e0a8,f1533ae8670acc5cb321bf214dd8eb85,0e51f30dc6a7ee39c4b032ccd7c524a5,Yes,71.29,10,2015-02-10 13:47:20
a013ac6ededa4e161b3dbd5ce9a1fa6f,176132ed069f14f140181c6e9a8cfa3c,7e570ddf827050a82369b584ff5e9ff0,No,90.53,1,2017-02-22 21:52:17
f8cda88b436d76e2b83cfe0be037e5ed,c19ad58cc35b1c8c0a4c9f7f9384ec2b,b02b61c4a3d70628ece66fa2fd5166e6,Yes,71.91,5,2015-07-05 18:27:40
3da9c2a90ed42f1a3d4cbf374eb93eff,175ba98df81401027de1bdfed0725b5c,ddd1dfb23b982ef8daf61a26146d3f31,Yes,54.95,2,2017-05-28 05:21:26
7d15438552fbe43b99546eb400257ad1,a99f131849c8a43f7ed70ed7b194990b,405cacec877409a977d21e02ff01cf99,Yes,73.68,6,2015-09-16 10:07:49
1d53434bb88139b9ae270da702f06b90,d32e6dcd83bc9478dd6ac7b86778043b,ff50bde4382567b85cabcc97663f1c97,No,74.68,1,2015-07-12 16:23:39
66245bfa4fcca39ab683d2e6337ea2df,71299889a01ac9927f9d3e64c1a6423b,972a846916419f828b9d2434e465e150,Yes,1598.44,15,2015-10-22 14:56:44
2a45c2ab8cbfedb0f264accc79ac1b1e,f920264c0763fcd01f15c7b67c16128d,24933b83757750a9a491f0b2ea1fca65,No,109.37,5,2016-07-18 00:35:26
01d7425638602ab696a402f23ae8cc93,d7665cdafe0490593985fb6217dc8eff,6b65a6a48b8148f6b38a088ca65ed389,Yes,26.45,14,2015-06-07 15:59:45
5cec4eb5edd968311ca35cfb04fc6d82,45ff2c83b495db4e82456fb44ab7706e,b02b61c4a3d70628ece66fa2fd5166e6,No,44.12,9,2015-05-29 12:12:58
b8db0672f42d47cc00d4af5974273ca3,e11b868dbf0d073d821c13369970cf60,17fc695a07a0ca6e0822e8f36c031199,Yes,120.6,7,2015-12-15 16:17:52
7394988f847fd9b4e64d1bcb702753a1,4c6e27ffb9de7a3a486822b900a81de9,e27a984d654821d07fcd9eb1a7cad415,Yes,102.39,14,2015-06-02 14:34:30
d0e6e6607c69dee1bb5e4bcf15ed6269,c34b9fbb8d4a75b8551ac8ea585a0afa,29a3b2e95d65a441d58842dea2bc372f,Yes,55.05,4,2016-12-15 07:36:24
c03987108976e334e2817efdae849217,69288e92c68a152fdb23aa8c3bcabf85,a9488d990bbb259911ce5dd2b45ed1f0,No,108.73,13,2016-01-26 12:42:50
3da9c2a90ed42f1a3d4cbf374eb93eff,26f05fcffb16e5dba6eab79ed21c82f8,bd9c66b3ad3c2d6d1a3d1fa7bc8960a9,Yes,145.15,6,2017-06-09 03:55:54
ce88cb2dd4e80839fc3e058be0f3eab0,e912b4bf86a4bae41986b4b270b7e868,bdd640fb06671ad11c80317fa3b1799d,No,67.4,11,2017-09-20 04:04:30
a8e56e0c20de435d2031d750c40db9b4,56abf2f143d88870f81dbaa1c8120a8e,dc713d960c0fd195c17af08a1745d6d8,Yes,21.24,6,2017-05-22 21:54:34
edcd465e36386821f6e07cc06c52c49f,a075e9275110b492f4427e0b61484bb3,405cacec877409a977d21e02ff01cf99,Yes,85.74,10,2015-03-12 07:40:43
b09b2a5cbadcc32ac1590f538a0f4efb,3a3c8a71ff574e2b4991ab9bebc2026f,9a1de644815ef6d13b8faa1837f8a88b,Yes,23.78,11,2016-12-21 03:28:10
c03987108976e334e2817efdae849217,0769165fe746ccb94ca9cf07b1aa0f6a,a9488d990bbb259911ce5dd2b45ed1f0,No,51.07,6,2016-03-17 04:15:33
f8cda88b436d76e2b83cfe0be037e5ed,cae28e66ae8a781390e0a95b697c3923,6c307511b2b9437a28df6ec4ce4a2bbd,Yes,95.33,7,2016-09-26 21:15:31
ce88cb2dd4e80839fc3e058be0f3eab0,3b70b3a124a35cf29549c931e9af299d,bf3c4c06434308bc89fa6a688fb5d27b,Yes,1010.65,1,2017-07-09 14:57:18
ce88cb2dd4e80839fc3e058be0f3eab0,12e89d10287117338beddb12ad77e82f,ddd1dfb23b982ef8daf61a26146d3f31,No,51.88,7,2016-12-07 08:29:54
1064005c3985c3cf3f76be1d1efa2197,627b41a1ffd6f23232ffe2944d57d880,b02b61c4a3d70628ece66fa2fd5166e6,Yes,63.39,6,2016-08-11 09:44:18
7d15438552fbe43b99546eb400257ad1,a881bfd3d47d577bfa5a91ca059dd55d,4b0dbb418d5288f1142c3fe860e7a113,Yes,131.11,13,2017-02-01 01:58:38
8dcdcd03969b666205628059568cc69b,e776b886d534ee1d7f2984f5bec39a37,e2acf72f9e574f7aa0ee89aed453dd32,No,42.22,13,2015-12-27 07:40:12
b09b2a5cbadcc32ac1590f538a0f4efb,c16d83edad81f8bd402913ec9ef2b93e,f143262fdc5c0eed8da0365bf89897b9,Yes,127.37,11,2015-04-10 20:41:02
885f6e66c2b6d2c5fa5d310011b7e948,088a93ec70d9c9f8c9e260744f1639a0,7412b29347294739614ff3d719db3ad0,No,22.62,5,2015-12-01 23:26:11
8dcdcd03969b666205628059568cc69b,8a16a06cc958e75e21d53971336749b5,7412b29347294739614ff3d719db3ad0,Yes,137.89,14,2015-06-18 08:58:52
5fb8d16c2720797d32ebd6899be578c7,ce7607adf7a67b947b5a611af1b64afe,988c24c961b1cd2262801c4510435a10,No,122.59,8,2017-09-13 02:09:48
b09b2a5cbadcc32ac1590f538a0f4efb,ad238d36dc322c9739c1e262f76c8ede,7e570ddf827050a82369b584ff5e9ff0,No,145.42,13,2016-07-24 11:05:50
287d06ca6f4cc69a4b22d3081c8eaee9,895ccd9943b38eb403902c5d6502d6a2,451b4cf36123fdf77656af7229d4beef,Yes,114.86,5,2016-08-21 12:52:40
a013ac6ededa4e161b3dbd5ce9a1fa6f,acc216a01bbc91f75f18e583f0b6f83f,b02b61c4a3d70628ece66fa2fd5166e6,Yes,133.79,9,2015-12-02 19:14:41
01d7425638602ab696a402f23ae8cc93,76da3ca0d2e82f38a2a9d4d8102efde5,dc713d960c0fd195c17af08a1745d6d8,Yes,67.16,3,2015-02-16 01:19:31
d0e6e6607c69dee1bb5e4bcf15ed6269,e3236d1a3c1bdacc18e193311dba1267,4737819096da1dac72ff5d2a386ecbe0,Yes,61.94,12,2016-12-14 17:26:37
5cec4eb5edd968311ca35cfb04fc6d82,e2aa7a5d278ed00dba0266efbe055787,956269f0e5d7b8756dadd6c795a76d79,Yes,78.51,7,2017-08-19 08:02:44
a013ac6ededa4e161b3dbd5ce9a1fa6f,71d7966571818dcf379efc6e5edb0d3c,7412b29347294739614ff3d719db3ad0,Yes,1871.36,9,2017-07-12 20:22:03
287d06ca6f4cc69a4b22d3081c8eaee9,f7dc67e030974b2b46a02a9b65ec7acd,451b4cf36123fdf77656af7229d4beef,Yes,39.69,11,2016-09-03 00:03:50
5f987c71a65e688eabf3ad39fec21bbe,203c8c25fd235def3e5a87e35560db22,366eb16f508ebad7b7c93acfe059a0ee,Yes,126.17,9,2015-08-01 18:13:52
b8db0672f42d47cc00d4af5974273ca3,c63d04ee541c7a863ba5cd2fdea45c19,24933b83757750a9a491f0b2ea1fca65,Yes,130.18,3,2015-05-14 17:16:51
1d53434bb88139b9ae270da702f06b90,ddcf8766a93b12cd1c24220e2cabd7e7,4737819096da1dac72ff5d2a386ecbe0,Yes,120.6,4,2016-08-25 10:01:11
5cec4eb5edd968311ca35cfb04fc6d82,bde13c1b20733f6d0d6a05b343ef2016,ce177b4e0837b8a3d261a7ab3aa2e4f9,Yes,18.9,8,2017-03-07 11:32:37
a8e56e0c20de435d2031d750c40db9b4,38b77c0780fb929673b6a09b1beaf6ac,bd9c66b3ad3c2d6d1a3d1fa7bc8960a9,No,137.23,11,2016-06-17 09:29:41
3da9c2a90ed42f1a3d4cbf374eb93eff,ffa361be0f9240e107f97d05f6ca6b8b,ab9099a435a240ae5af305535ec42e08,Yes,25.11,12,2017-07-20 14:04:57
5715bd6fa4161293c4c2e2e3444ea7c8,25f934bf9bb961555275eb9414aeaf5c,4737819096da1dac72ff5d2a386ecbe0,Yes,98.63,9,2016-12-30 10:24:38
a8e56e0c20de435d2031d750c40db9b4,816bcb9f7426b1934b7e6b3c87d292a6,a28defe39bf0027312476f57a5e5a5ab,Yes,108.25,14,2016-11-01 20:56:49
5cec4eb5edd968311ca35cfb04fc6d82,370bc063dd90e79eb888f6ed8d244e3e,3eabedcbbaa80dd488bd64072bcfbe01,No,67.93,14,2016-04-09 12:26:46
9b49bd26df57c59a8715a10343dac043,50018b7b6d4067f450032b3518578baf,ec1b8ca1f91e1d4c1ff49b7889463e85,Yes,31.37,15,2016-04-30 02:05:53
b09b2a5cbadcc32ac1590f538a0f4efb,18b872456e8f75a117dded8115da705c,988c24c961b1cd2262801c4510435a10,Yes,28.22,1,2016-08-23 17:35:21
1064005c3985c3cf3f76be1d1efa2197,5a856750692ac1391f4a8ca1ab85fd59,ff50bde4382567b85cabcc97663f1c97,No,69.21,15,2017-01-08 01:18:38
14296c07f26b4776913e4de2e0c53cb8,93f277cc1a85910d5a057c114ffca6b1,5be6128e18c267976142ea7d17be3111,Yes,77.51,14,2015-04-21 11:54:35
885f6e66c2b6d2c5fa5d310011b7e948,47503f1dc33a1f6c1d691fba5e187b24,43b7a3a69a8dca03580d7b71d8f56413,No,2190.31,13,2017-04-18 19:39:43
01d7425638602ab696a402f23ae8cc93,9be7173706b892318e867f3ca487eeab,ff50bde4382567b85cabcc97663f1c97,No,47.44,3,2015-10-07 22:48:19
f8cda88b436d76e2b83cfe0be037e5ed,0190262059dcabd056febfb9ebe9e207,c241330b01a9e71fde8a774bcf36d58b,Yes,66.11,3,2017-01-28 20:01:05
5cec4eb5edd968311ca35cfb04fc6d82,604e46cb3712f2d187cdb6a1bf012e32,451b4cf36123fdf77656af7229d4beef,Yes,61.81,12,2015-11-29 18:38:05
66245bfa4fcca39ab683d2e6337ea2df,284c03d227d415b60d77c5a0e222b6a6,beb799193f22faf823bed01d43cf2fde,Yes,21.42,8,2016-11-08 13:31:38
66245bfa4fcca39ab683d2e6337ea2df,372f871a45ee432d6a07f2137129cec7,0e51f30dc6a7ee39c4b032ccd7c524a5,Yes,70.19,5,2016-11-25 21:37:31
a013ac6ededa4e161b3dbd5ce9a1fa6f,0ba078e84ef492c1aac9331686e52753,ab9099a435a240ae5af305535ec42e08,No,17.67,4,2015-11-05 06:49:08
287d06ca6f4cc69a4b22d3081c8eaee9,53ffd3a24a1935014169b9fcc3a00c6f,bdd640fb06671ad11c80317fa3b1799d,Yes,70.29,3,2016-01-25 17:45:14
5f987c71a65e688eabf3ad39fec21bbe,ab05347fd556b37d8f0881ee8011316b,ddd1dfb23b982ef8daf61a26146d3f31,Yes,130.65,1,2016-03-22 00:29:58
5cec4eb5edd968311ca35cfb04fc6d82,9364f3d05024bdc6dcb33df313eecdc6,366eb16f508ebad7b7c93acfe059a0ee,Yes,99.62,5,2015-04-28 12:01:20
ce88cb2dd4e80839fc3e058be0f3eab0,9e3d750df296d9f0cd2372c22bffe17b,dc713d960c0fd195c17af08a1745d6d8,No,22.34,14,2015-04-19 07:27:37
1064005c3985c3cf3f76be1d1efa2197,6550f74a1422373f862268d16683e107,3139d32c93cd59bf5c941cf0dc98d2c1,No,41.02,13,2015-06-22 02:32:40
8dcdcd03969b666205628059568cc69b,31a3ac4d828c37e787d5b7be1d30d990,f143262fdc5c0eed8da0365bf89897b9,Yes,111.83,14,2016-10-22 04:15:06
a8e56e0c20de435d2031d750c40db9b4,2c6a6e9a328067a14187222b257d5e52,c241330b01a9e71fde8a774bcf36d58b,No,101.77,3,2017-09-01 20:31:29
ce88cb2dd4e80839fc3e058be0f3eab0,9458054ec2874f069050f7efc1235c91,7e570ddf827050a82369b584ff5e9ff0,No,89.03,11,2016-10-01 10:55:40
3da9c2a90ed42f1a3d4cbf374eb93eff,117b355b70944bdb26a524e350ee7a92,3eabedcbbaa80dd488bd64072bcfbe01,Yes,2092.66,10,2015-02-27 11:32:04
c03987108976e334e2817efdae849217,09a0a0f673b0a0917634c1694f76e388,7412b29347294739614ff3d719db3ad0,No,20.74,14,2017-09-27 02:39:38
d0e6e6607c69dee1bb5e4bcf15ed6269,949077c27674456f626d719d81cf3252,988c24c961b1cd2262801c4510435a10,No,72.96,13,2016-08-08 20:12:20
c03987108976e334e2817efdae849217,269ed4c980599b9379c2d2e49ae1a991,3eabedcbbaa80dd488bd64072bcfbe01,Yes,135.88,6,2017-01-01 02:32:41
ce88cb2dd4e80839fc3e058be0f3eab0,b526b22d3f6c21f70a0537f02c2cd22b,3eabedcbbaa80dd488bd64072bcfbe01,Yes,95.37,6,2016-01-17 09:24:26
c03987108976e334e2817efdae849217,990f0c5badcc3daf569f3ab3c6435300,bf3c4c06434308bc89fa6a688fb5d27b,Yes,19.23,2,2016-07-25 21:24:18
01d7425638602ab696a402f23ae8cc93,a8149562da003f16b9469bcf4082cbb9,24933b83757750a9a491f0b2ea1fca65,No,56.67,10,2016-11-10 04:58:22
9b49bd26df57c59a8715a10343dac043,b2cf952da7f333b3f7baf55e4f6b58c8,ab9099a435a240ae5af305535ec42e08,Yes,109.24,2,2015-11-14 17:24:41
9b49bd26df57c59a8715a10343dac043,20b71785d02ce0c154170a17caaa5bbe,dc713d960c0fd195c17af08a1745d6d8,No,113.43,11,2017-07-23 16:05:41
1d53434bb88139b9ae270da702f06b90,5ca0c428822c4d326c645c15aba301cb,7412b29347294739614ff3d719db3ad0,Yes,143.16,6,2017-08-28 15:12:14
5fb8d16c2720797d32ebd6899be578c7,13c1175427aa7cbc23377bbcfffe77c8,b74d0fb132e706298fadc1a606cb0fb3,Yes,85.57,12,2017-06-23 16:02:42
b8db0672f42d47cc00d4af5974273ca3,9e374f7ac42cbc39e05b46c556363094,24933b83757750a9a491f0b2ea1fca65,Yes,32.71,14,2016-12-10 19:51:57
5cec4eb5edd968311ca35cfb04fc6d82,0b2f6d5c700b5d5fb89f72f32a60c652,7412b29347294739614ff3d719db3ad0,Yes,43.25,8,2016-09-17 09:48:47
a013ac6ededa4e161b3dbd5ce9a1fa6f,88b4f4743be79df472ecf16ec8a723e9,3139d32c93cd59bf5c941cf0dc98d2c1,No,119.81,15,2017-05-05 06:23:43
ce88cb2dd4e80839fc3e058be0f3eab0,70cafdd8fc043f0892070158f2771f63,f143262fdc5c0eed8da0365bf89897b9,Yes,63.46,9,2016-03-04 05:52:12
81f631d4a39231a7d777a4774c66e0a8,df7d0dd7236e16089acb394acd1f5318,972a846916419f828b9d2434e465e150,Yes,2248.23,9,2017-08-14 03:45:54
5715bd6fa4161293c4c2e2e3444ea7c8,48f9e3d01feae1e0d9e604b38412a335,405cacec877409a977d21e02ff01cf99,Yes,72.9,9,2015-05-31 13:05:58
eb2263dd87c5421eec24a3c5c754108f,e27718c5737d1fb6d11376e038d77b9a,23b8c1e9392456de3eb13b9046685257,Yes,65.5,6,2015-08-30 12:05:23
287d06ca6f4cc69a4b22d3081c8eaee9,ee4a9b5d519554e307374c86397b5f51,28f49481a0a04dc427209bdf1c11f735,Yes,120.79,3,2015-02-09 09:58:53
66245bfa4fcca39ab683d2e6337ea2df,2387eaf6d4c3a832b231c60b78f2ce6b,28f49481a0a04dc427209bdf1c11f735,Yes,96.15,15,2015-03-23 00:16:13
b09b2a5cbadcc32ac1590f538a0f4efb,f0b2a5d18c7e6f422646eaf9d5c0244d,24933b83757750a9a491f0b2ea1fca65,Yes,25.57,5,2015-09-01 09:07:03
a8e56e0c20de435d2031d750c40db9b4,cb3cf8caa39257316b79afcc3d0a5f0c,451b4cf36123fdf77656af7229d4beef,Yes,127.14,8,2016-09-03 17:01:40
b8db0672f42d47cc00d4af5974273ca3,b7f285723defa84993364f7e83efa9f3,e2acf72f9e574f7aa0ee89aed453dd32,Yes,96.07,4,2016-08-07 13:11:42
eb2263dd87c5421eec24a3c5c754108f,f982f4e08603156a15eacbcfab1021ce,17fc695a07a0ca6e0822e8f36c031199,No,86.17,13,2016-06-03 17:01:24
7d15438552fbe43b99546eb400257ad1,a2bb522b0b251279785ac5d0df92a621,7412b29347294739614ff3d719db3ad0,Yes,12.27,13,2015-03-11 11:15:46
885f6e66c2b6d2c5fa5d310011b7e948,c5811d2d1a89b71ea0d572c8a837fe68,988c24c961b1cd2262801c4510435a10,No,28.68,6,2016-07-13 10:52:41
ce88cb2dd4e80839fc3e058be0f3eab0,af475b49c775e395d49405f02cd2a404,dc713d960c0fd195c17af08a1745d6d8,Yes,35.52,3,2015-03-06 22:49:29
5f987c71a65e688eabf3ad39fec21bbe,0b36e356339b77a84b1f0d7b0977c513,1a2a73ed562b0f79c37459eef50bea63,No,54.18,5,2016-06-11 12:52:34
2a45c2ab8cbfedb0f264accc79ac1b1e,c0d7ac73095ffa8140d92bce7930ba20,1a2a73ed562b0f79c37459eef50bea63,Yes,130.7,1,2017-06-05 20:21:17
8dcdcd03969b666205628059568cc69b,6fdc0bad5e368127cca1b45c1fdd980a,ab9099a435a240ae5af305535ec42e08,No,135.25,7,2015-12-14 05:31:44
14296c07f26b4776913e4de2e0c53cb8,cc1b4157ec9f9c545e0a72ab7f5db163,4b0dbb418d5288f1142c3fe860e7a113,No,1954.16,2,2016-03-16 19:52:11
5715bd6fa4161293c4c2e2e3444ea7c8,1a43db54523ae9934b3446bc8ba435cc,a9488d990bbb259911ce5dd2b45ed1f0,Yes,52.91,10,2017-01-04 13:10:44
b09b2a5cbadcc32ac1590f538a0f4efb,0ad7c9a2727716ec59fefbbc71a3fad2,ddd1dfb23b982ef8daf61a26146d3f31,Yes,70.89,11,2017-03-21 01:04:42
5f987c71a65e688eabf3ad39fec21bbe,83599af65d01f55f67fd64c4a334058a,988c24c961b1cd2262801c4510435a10,Yes,143.39,3,2017-05-19 19:43:50
a013ac6ededa4e161b3dbd5ce9a1fa6f,113634a520509c6208e895d7702c1821,f143262fdc5c0eed8da0365bf89897b9,Yes,60.7,10,2015-02-03 19:09:43
ce88cb2dd4e80839fc3e058be0f3eab0,5f3c44dc5ef787b8f2e6195f732e2016,405cacec877409a977d21e02ff01cf99,Yes,29.28,6,2016-02-12 10:41:17
b09b2a5cbadcc32ac1590f538a0f4efb,06a241af1d0af7f7f5e4a4713fe68c9c,371ecd7b27cd813047229389571aa876,Yes,64.18,9,2015-05-01 08:49:16
a8e56e0c20de435d2031d750c40db9b4,ff11c8ba36ee1640723ef466b43bd27f,e2acf72f9e574f7aa0ee89aed453dd32,Yes,149.81,4,2015-05-06 04:54:04
ce88cb2dd4e80839fc3e058be0f3eab0,b69f68c3e60fd4202c33350c73b911d8,9a1de644815ef6d13b8faa1837f8a88b,No,145.46,6,2016-11-14 11:45:04
5fb8d16c2720797d32ebd6899be578c7,e42e50374a552ea08acbbe098ccc9cea,6c307511b2b9437a28df6ec4ce4a2bbd,No,139.83,11,2015-06-28 11:32:14
b8db0672f42d47cc00d4af5974273ca3,cac4d0eb3373730efc31a5971f119c0f,759cde66bacfb3d00b1f9163ce9ff57f,No,13.68,9,2016-08-09 11:29:51
8dcdcd03969b666205628059568cc69b,9ca8a5c42138afe08d38bbd8fba6abf7,9a1de644815ef6d13b8faa1837f8a88b,Yes,65.74,12,2017-01-06 15:33:26
5715bd6fa4161293c4c2e2e3444ea7c8,932cae01d2c65ee468d0a2a8c4e7f7dd,4737819096da1dac72ff5d2a386ecbe0,No,99.93,8,2016-04-22 21:33:22
d0e6e6607c69dee1bb5e4bcf15ed6269,c7bf4fbcd43cdd6de0c1ff1e20da8972,bf3c4c06434308bc89fa6a688fb5d27b,Yes,117.49,3,2016-03-19 16:58:55
b8db0672f42d47cc00d4af5974273ca3,84a2576c1fc905f8d4d607350e2f8958,3139d32c93cd59bf5c941cf0dc98d2c1,Yes,55.17,12,2015-08-19 11:33:57
81f76d1c2dbc2134c30ff46e8026695f,4027ab7d143029a9d88f1c9448b763d5,bf3c4c06434308bc89fa6a688fb5d27b,No,1048.9,11,2015-11-07 19:34:05
885f6e66c2b6d2c5fa5d310011b7e948,9780c2152b2bb8e9a417c09380a8a23d,c241330b01a9e71fde8a774bcf36d58b,Yes,97.43,15,2016-09-11 10:53:59
1d53434bb88139b9ae270da702f06b90,dd20c3bfd342af080a8bb5b490494583,9a1de644815ef6d13b8faa1837f8a88b,Yes,99.8,10,2015-09-29 20:13:49
1d53434bb88139b9ae270da702f06b90,a394ed549e3c5a886aa56e6d92779574,5304317faf42e12f3838b3268e944239,No,86.38,11,2017-09-06 09:30:15
5fb8d16c2720797d32ebd6899be578c7,67f5ae02af5b8f47ceae71cfce000af0,451b4cf36123fdf77656af7229d4beef,Yes,18.39,8,2016-03-01 15:29:13
1064005c3985c3cf3f76be1d1efa2197,5005680f24c778a59b4e164b5716dc2e,28f49481a0a04dc427209bdf1c11f735,Yes,148.32,6,2017-09-25 12:08:48
f4188f3f8a14be62295b4715c333e861,1b2ededb8fc85fc083d5bceb5edbb8ee,759cde66bacfb3d00b1f9163ce9ff57f,Yes,47.45,4,2015-05-25 03:03:18
5cec4eb5edd968311ca35cfb04fc6d82,9d896047dd39d7936257a4a2f204be89,759cde66bacfb3d00b1f9163ce9ff57f,No,136.32,14,2015-12-02 18:46:20
14296c07f26b4776913e4de2e0c53cb8,7f8e548328caaa1dc35bec2c3098f7b2,451b4cf36123fdf77656af7229d4beef,Yes,53.2,1,2015-04-03 12:32:29
eb2263dd87c5421eec24a3c5c754108f,95560a2d3713b4663da06476f778c676,972a846916419f828b9d2434e465e150,Yes,79.29,15,2017-05-13 20:43:30
287d06ca6f4cc69a4b22d3081c8eaee9,d8e049de0217ea0e896490ab4926ce5f,a28defe39bf0027312476f57a5e5a5ab,Yes,47.03,6,2017-02-21 12:23:02
81f76d1c2dbc2134c30ff46e8026695f,8fd33afc91fdfa4f0d18ab95668c8477,7412b29347294739614ff3d719db3ad0,Yes,20.29,9,2016-04-06 17:17:52
287d06ca6f4cc69a4b22d3081c8eaee9,9c6d52d5ae2e9af99f8cc29ffd350c5f,4737819096da1dac72ff5d2a386ecbe0,No,65.15,13,2015-12-14 17:23:48
7d15438552fbe43b99546eb400257ad1,8255da619a3b031932f5751024eeb4a6,0e51f30dc6a7ee39c4b032ccd7c524a5,Yes,15.45,12,2015-12-08 15:33:29
b8db0672f42d47cc00d4af5974273ca3,83f82f16e4a4474c9b33e3a42620f9a9,a9488d990bbb259911ce5dd2b45ed1f0,No,54.59,7,2016-09-23 23:53:19
14296c07f26b4776913e4de2e0c53cb8,d40ac5e981df6517561c921097fe56c5,10f1bc81448aaa9e66b2bc5b50c187fc,Yes,1625.85,8,2017-04-15 00:23:21
885f6e66c2b6d2c5fa5d310011b7e948,6aa26216fada98f51c0f0bdcac7e937c,3139d32c93cd59bf5c941cf0dc98d2c1,No,111.55,12,2016-10-06 00:38:30
66245bfa4fcca39ab683d2e6337ea2df,c86c6544a7d4cf50f791f1e543f9cd6b,e27a984d654821d07fcd9eb1a7cad415,Yes,111.0,10,2016-05-06 05:33:40
7d15438552fbe43b99546eb400257ad1,d756ba9cc64c96479ea7017cb89f7039,c241330b01a9e71fde8a774bcf36d58b,No,43.91,10,2017-08-28 22:07:12
b8db0672f42d47cc00d4af5974273ca3,6b352f85504e268770e7e75604d9145e,aefcfad8efc89849b3aa7efe4458a885,Yes,67.45,13,2016-09-18 15:55:54
