Teacher ID,Teacher Prefix,Teacher First Project Posted Date
bdd640fb06671ad11c80317fa3b1799d,Mrs.,2007-01-03
ad3c2d6d1a3d1fa7bc8960a923b8c1e9,Ms.,2014-03-26
0822e8f36c031199972a846916419f82,Mrs.,2006-11-27
06cb0fb39a1de644815ef6d13b8faa18,Ms.,2016-07-29
386ecbe06b65a6a48b8148f6b38a088c,Mrs.,2008-03-28
c241330b01a9e71fde8a774bcf36d58b,Ms.,2011-06-25
371ecd7b27cd813047229389571aa876,Mr.,2009-07-20
18c267976142ea7d17be31111a2a73ed,Mrs.,2009-09-18
0b1f9163ce9ff57f43b7a3a69a8dca03,Ms.,2014-01-10
60e7a113ec1b8ca1f91e1d4c1ff49b78,Mrs.,2008-07-29
e2acf72f9e574f7aa0ee89aed453dd32,Mr.,2014-12-13
0bbb259911ce5dd2b45ed1f03139d32c,Ms.,2008-06-28
3b982ef8daf61a26146d3f31fc377a4c,Mr.,2010-07-11
d58842dea2bc372f7412b29347294739,Mrs.,2010-04-21
4458a885ab9099a435a240ae5af30553,Ms.,2016-07-14
2bcfbe01a28defe39bf0027312476f57,Ms.,2007-06-29
451b4cf36123fdf77656af7229d4beef,Teacher,2016-05-09
af42e12f3838b3268e944239b02b61c4,Mrs.,2003-04-04
ce177b4e0837b8a3d261a7ab3aa2e4f9,Mrs.,2008-01-03
f16287e4e9c349e03602f8ac10f1bc81,Ms.,2009-01-21
654821d07fcd9eb1a7cad415366eb16f,Mr.,2016-06-02
23bed01d43cf2fde24933b83757750a9,Mrs.,2014-08-04
95a76d79bf3c4c06434308bc89fa6a68,Mrs.,2015-02-02
ff50bde4382567b85cabcc97663f1c97,Dr.,2013-06-06
0c0fd195c17af08a1745d6d87e570ddf,Mr.,2005-06-06
ae340454cac5b68c28f49481a0a04dc4,Mrs.,2003-06-05
ff01cf99988c24c961b1cd2262801c45,Mrs.,2007-08-22
f143262fdc5c0eed8da0365bf89897b9,Mrs.,2004-07-27
c03987108976e334e2817efdae849217,Mrs.,2016-05-17
6f4cc69a4b22d3081c8eaee95715bd6f,Mrs.,2002-01-27
b83cfe0be037e5edb8db0672f42d47cc,Mrs.,2013-03-24
e9a1fa6f81f76d1c2dbc2134c30ff46e,Mrs.,2016-01-10
81f631d4a39231a7d777a4774c66e0a8,Ms.,2005-06-06
8a14be62295b4715c333e8615fb8d16c,Mr.,2013-11-23
52fbe43b99546eb400257ad1eb2263dd,Mrs.,2004-07-05
fc3e058be0f3eab05cec4eb5edd96831,Ms.,2008-11-24
e0c53cb83da9c2a90ed42f1a3d4cbf37,Ms.,2003-10-08
d0e6e6607c69dee1bb5e4bcf15ed6269,Mrs.,2013-12-12
a8e56e0c20de435d2031d750c40db9b4,Mrs.,2014-05-01
df57c59a8715a10343dac0432a45c2ab,Ms.,2006-10-02
badcc32ac1590f538a0f4efbedcd465e,Ms.,2008-12-28
a65e688eabf3ad39fec21bbe66245bfa,Mrs.,2013-08-10
3985c3cf3f76be1d1efa21977394988f,Mrs.,2002-06-22
96a402f23ae8cc938dcdcd03969b6662,Mrs.,2003-08-05
3a9bedd40f1259e0a18ff6b6b535106e,Mrs.,2002-09-15
839fbc501223b5135496f63cdc1110c1,Mrs.,2012-11-20
b92da22b21df306f8a0b3c3336d8393a,Mr.,2014-10-22
c8dcd19f3e3511287900f7f993829b43,Mrs.,2011-02-17
a8b317fa18d0752b1825bc5430beb45f,Mrs.,2011-07-02
baa4b71add2467ac778eedb3693dffbc,Mrs.,2016-08-28
0f844fef1931e9eea56c0941fbf24050,Mrs.,2009-08-11
3fa7f1041bf90e27dc96925eccf3a171,Mrs.,2014-01-11
2ef912766c006f6123e2fcb472d8567d,Mrs.,2007-08-09
71710434134c6c92ec5b227cdfde4fbf,Ms.,2014-05-06
ffd0f9d5a6f2f7b80cf35b5819108be5,Ms.,2002-05-01
c0e9ab30ed2662e917e011b7f8102383,Ms.,2005-09-24
36b824817b3a4e3e7c52fa17680ac07a,Mr.,2003-04-26
fc3d3348008d4127610461e32a25a888,Mrs.,2012-03-16
f512c4c3b253d2186c4a37ea490617f2,Ms.,2014-06-19
27a0c3d77c967f79b7e99acaa97065e1,Mrs.,2006-11-19
bc594585944528c00ef8c2d6f7fd5646,Ms.,2009-01-13
7a0ecfea958ca9ba0cd620c20ea2622b,Ms.,2013-11-29
82010c62f5f59b220e8fa8e0284d82e5,Mrs.,2006-03-03
acdabacc1165e21098543881118a9d29,Mr.,2011-01-21
91d63f78e3e9de99f10c718b1eb0e38a,Mrs.,2015-05-03
6b5252e314fcdd549e8fc9650a2c827e,Ms.,2014-09-05
42c18a62ef48e8d550fd9d3f85d51695,Mrs.,2009-01-17
21813d25655238a643ff50113d1a85dd,Ms.,2008-09-23
c07a30f2edd4253b50f0fd0a750cab75,Mr.,2002-03-18
902059e4ff9ab5c29f044aed75523327,Dr.,2003-08-24
43e42caf8181a8cc369147eb89a2688b,Mrs.,2009-10-30
3e896c64e117dac3119c4ea3e1805081,Mrs.,2005-07-16
b41b31438b10550cd5704f32702cdd20,Mrs.,2016-09-01
d12dbc9aaaf915310200b1f08768a84f,Ms.,2016-11-17
2260e70fe0ccedc5f05db76e1a84a51a,Mrs.,2004-05-26
45b89cd927cb6f2a8da01097be0f051b,Mrs.,2006-09-22
afffcfd2341ef40b57c700aab7b56ea7,Ms.,2007-12-03
e7c421c740497b717d106c6081627cf1,Mr.,2003-02-21
d450281c6c6f7633a260772317a0df49,Mrs.,2002-01-30
a319dcb4217d65a0c56811cd5563f616,Teacher,2005-08-16
b4a69f3c8d3aed99711c21c9bdc14f1f,Mrs.,2002-03-21
e21342b0f1eedba313432e611ca3c448,Ms.,2005-05-06
5e84f058d5a804eb093923de8babce3b,Ms.,2005-04-28
4eea04e70ab54bde20a045026e068097,Mrs.,2002-11-23
ae9bec3635c7936c5b9962c6e61fecc0,Mrs.,2004-04-22
e256a6dc8f5486b7c7b5b2bc5a8aaeca,Mr.,2015-12-03
ee0caeb5ecfedb992790cebdbfddc3d9,Mrs.,2005-08-24
2d534dd0cf8ebc5accc56569f9e8a369,Mr.,2002-07-23
550a1b46ecab3301bc8f7d292dea9493,Ms.,2011-03-27
bc2cbb0ddd334cc7ab7f089acd5f4822,Ms.,2007-12-26
1bac27a7b386f7a4c991603f28c13091,Mrs.,2002-11-14
3317347038f16a81787f2425dbccc477,Ms.,2012-04-28
cb9bc326d20eac174e20fd1a598336e3,Mr.,2007-01-01
6601ddd03170f437a8f7ef5a060edf5b,Mrs.,2003-07-23
59e4b6714774bc58c5f8bc16f7860b50,Ms.,2010-12-19
89456f27d7fa2d8dfb2ca025adf4e62d,Mrs.,2002-08-15
42deffccf86c2ca2e08596db1d870966,Mrs.,2007-12-15
6f3f920c98b8e4cc1bc044fc09cb3942,Mrs.,2009-01-13
82ec9f2dfbf6e16f9b3080d56fb78271,Mrs.,2014-12-07
b572f3d00b5cea6a41357e8c30a900ad,Mrs.,2013-08-30
afd5dea589d7fd6cce777f00ecf27e76,Ms.,2006-06-03
f2e9702d11e9cdaa6e6981a35d3d9e56,Ms.,2009-05-28
d9178793a9d3c2e6505cc6869f871ce7,Mrs.,2008-09-26
688c7015aab97e494f2d479681d2c7de,Mrs.,2008-08-19
6ba25efe311c6eb62095eef68dedf9fb,Ms.,2010-07-03
2c8d0e44e71e43a6bf85bf0ead64b56c,Ms.,2008-10-01
001a9a8bd56f03508c459ce267f48ad5,Mrs.,2006-09-18
9b4e2c249479e1e6c9277d9b6e0d2648,Ms.,2012-06-06
36b5229aacf5e81e713162697118e364,Ms.,2005-10-22
83f4a9a948a639d015b52908a8aa7158,Ms.,2015-11-21
f3b63fe1d184332417e8392a55cee5db,Ms.,2008-12-17
25b8fd4b32fa2de8ce7ae7f639820cff,Mrs.,2007-06-29
d98868dd9c7c737779a28903fbe33b24,Ms.,2012-03-19
935f2b0aa1384ddce2d9de5d6a18ce4c,Mrs.,2010-08-12
25c73c443e75c3b4664fa6637e8f8095,Ms.,2002-02-15
c521bf2ddc45d539c03f3538e4855aa1,Mr.,2011-07-15
f53d4330cdda24ba2d06e8cf3805f907,Ms.,2012-06-02
eadf50853fcb75468eb225790cdb1ca4,Ms.,2012-03-28
aae65fc176f2dbfecd29a36f222282e1,Ms.,2014-07-15
c1581092f335cba3513a7052986f9025,Mr.,2015-09-28
81392443e45b712eb8225688d0a44432,Mrs.,2014-04-16
be6033f728be9288e5af6e39722764e6,Mr.,2012-02-04
d701410d3f4b1a70c074718e425a609f,Ms.,2013-09-10
464c04af3d3f3799a07295e97c0e8cd8,Mrs.,2008-05-29
51d87c6455fa1ab8458f1f193c07c574,Mr.,2003-10-23
620e99d33b33f3d8269cd696236c7b87,Ms.,2006-10-19
54b4a48268586eba6a34c85410714d51,Ms.,2011-04-30
6b8e869fd5385b0e34f3193c0ff0a55c,Mrs.,2015-02-06
db52ca5805000bc6b20dcb6ef2311f17,Mr.,2014-11-30
f1578470018267c47a1b58066160a6b4,Mrs.,2010-09-30
d5f25073f41402b1e4429ebbda7b9095,Mrs.,2014-04-01
3875394ce5d6f6e69a6ec2f5ccc42903,Mrs.,2008-02-14
638c254c076e2bba7c5308bf6f92f25e,Mrs.,2011-01-26
77a6e17cd72b61082a405f12b963f37f,Mr.,2015-12-16
64de82e6e82c7d7b06e745f988bc539c,Ms.,2016-11-14
6db99102a48b3dbe157d94a106f028ff,Mrs.,2012-05-10
610cf37342999aa40cdf742b2e85cb21,Mrs.,2012-03-13
e1301617c2dff33556666f9f53ac2ab9,Mrs.,2011-06-16
7866076514f7ce8dd5bcb8d04094dded,Mrs.,2014-02-05
59970043f3b1025bfff9f5850d557b61,Mrs.,2003-07-17
0a4e5b70a6d964a3f510ab53c7fee39f,Ms.,2007-07-19
9f0fda8d05379ff6d6d7b3b833094d35,Mrs.,2004-10-31
90604f621d48a071ab61a7b1793b4c32,Mr.,2012-06-06
5e6fea07c4536f1d41992fdfb31022f0,Mrs.,2015-08-15
1d5206abb7e6427cbf780e3ff6b751f7,Ms.,2005-09-03
9424aed51bac5c154fa03f26f6f7f0cc,Mrs.,2008-12-30
f54ad0a2e87466d7ad66a1bd93676a02,Mrs.,2006-06-13
d4a057a7b0cc1b3b9793b9b413748146,Ms.,2004-04-14
d9acd1584d3485c5c5c14eb4b27b3d90,Ms.,2004-09-18
c85aca4690e0f4a0fbdd3933cbd58bf6,Mrs.,2013-12-13
11a726095eddbbbfa95976636daa2e68,Ms.,2009-08-27
d284476c6b88f83dd97dc9cd033d2bce,Mrs.,2011-09-22
e43e4288a2b5b4985cb85aedf5f62c97,Ms.,2005-06-07
859131d2bbda02422d174fc96f7c15ea,Mr.,2008-01-22
89c5b31aeb6c1016cee624d09dac6e83,Ms.,2012-06-05
97ac6aa8bb2488a3d36357b66f81cf4f,Mrs.,2007-07-05
4767d76c162f8a24ef43613cd4aac9a3,Mr.,2007-06-21
9c3eb2d591e1aa9676f72255c01f36bf,Ms.,2009-07-18
533420e6d9d80b8d7e8adee70758e201,Mrs.,2006-10-04
572072464223623bcc3ebdde5ad5cf06,Mrs.,2015-05-16
8e48522346b98991e14eb70db380c73a,Mrs.,2006-04-15
680bac63b856d0353dc9829015eabb27,Mrs.,2007-05-23
b63b4dc3a559e46379e13ceab0cbc61f,Mrs.,2002-05-22
6786d50638ba8abc4b5305e517d2582e,Ms.,2008-11-13
792799735e781fd794e0d3baa9f948b2,Ms.,2009-09-17
8ce6424dbef59fe6ff233d5f6cedd15d,Mrs.,2012-03-06
3b048a8b405bfdc94e7ed827455ac762,Mrs.,2006-04-27
892e6161be2d740a1e9b23bc50c7c006,Mr.,2006-02-25
7bf47042bd1531c83764fbda3108d448,Mrs.,2015-03-23
98c7472a864e9a13c29cfc0cfa02eaec,Mrs.,2004-04-03
3a3c563e4bd6cee631b1b099d52721e7,Mrs.,2008-10-12
2067bdac88bd13d1b540b30e039f3a25,Mrs.,2003-03-23
f1afdb65b289f2244ac9778d8da8eee4,Mrs.,2013-01-04
92f5df7b0323d342df6a8f931a432f0a,Mrs.,2012-09-26
f72ada9b2f32751e5738811d70c2903f,Mrs.,2012-09-18
6694c34310ba58e3d2762bdc1d34d08e,Mrs.,2014-12-10
26d794d30db95301afbb411aa1235a8c,Mrs.,2014-08-16
fe716b1415ce6a664dc82a1ef2f9e5fa,Mrs.,2014-07-08
989bc4da9b37a22b6a8a616fc3b290d0,Ms.,2007-01-23
7354ea6f6160745985c7504bc693da11,Mr.,2008-09-01
6dc7cac7fd72b05096a9954fdc33e1f9,Mrs.,2015-12-06
bd767e35f5c9b0479c10c5720f6b40d0,Mrs.,2006-08-30
a911d19243bfd9313605bf54a021c0ca,Mrs.,2007-05-19
2812859a1337739e8d4f5d272c7f0b79,Mrs.,2012-02-08
4a8ff810784c2f29980402a2b07aa066,Mrs.,2008-06-18
dc0f2fcfb3f6fe0d48603b32b4fb0eb9,Mrs.,2007-03-28
ca8f3653c9af18f843b9da13ec856f37,Ms.,2016-10-30
6cd5e85932a447b2ef04e57dcdccc33a,Mrs.,2007-01-16
44007d5ae88da71926242b40a5cb63a2,Ms.,2003-08-08
4ebfa5c3cae9b4a72a79ea680f44704f,Ms.,2014-10-07
1fd5a423706c5c5649e2623debd34616,Mrs.,2008-10-27
45b1ed25f1533ae8670acc5cb321bf21,Ms.,2013-01-28
0a3450fc9918ee461497d6587010f719,Mr.,2009-03-25
176132ed069f14f140181c6e9a8cfa3c,Mrs.,2014-11-26
ffe3fa49054f92fff366bad4964db03f,Ms.,2008-01-17
c19ad58cc35b1c8c0a4c9f7f9384ec2b,Mrs.,2013-08-22
473544f9ea83bf007135f221a6c9537f,Mrs.,2015-02-17
7de1bdfed0725b5ca28140446f962882,Mr.,2012-07-17
5230dfbd5553b2fe6889803e5913f9d3,Ms.,2005-08-10
7ed70ed7b194990b6961929e546e035a,Mrs.,2010-12-25
